Workbook

Sheet Missing Photos
A1: Company | B1: Product | C1: Pack | D1: Composition | E1: PTS | F1: MRP | G1: Expected filename | H1: Priority | I1: Shot? | J1: Possible duplicate of
A2: Alkem - Futura / NEXX | B2: ALCEFF NOVO 250MG CAPSULES (10'S) | C2: 10's | D2: Cephalexin 250 mg | E2: 29.05 | F2: 84 | G2: alceff novo 250mg capsules (10's).jpg | J2: ALCEFF NOVO 500MG CAPSULES (10'S)
A3: Alkem - Futura / NEXX | B3: ALCEFF NOVO 500MG CAPSULES (10'S) | C3: 10's | D3: Cephalexin 500 mg | E3: 52 | F3: 181 | G3: alceff novo 500mg capsules (10's).jpg | J3: ALCEFF NOVO 250MG CAPSULES (10'S)
A4: Alkem - Futura / NEXX | B4: ALCIFLOX 250MG TABLETS (10S) | C4: 10’s | D4: Ciprofloxacin 250 mg | E4: 11.45 | F4: 24.53 | G4: alciflox 250mg tablets (10s).jpg | J4: ALCIFLOX 500MG TABLETS (10S)
A5: Alkem - Futura / NEXX | B5: ALCIFLOX D (EYE/EAR DROPS) (10ML) | C5: 10 ml | D5: Ciprofloxacin 0.3% w/v + Dexamethasone 0.1% w/v | E5: 12.5 | F5: 53 | G5: alciflox d (eyeear drops) (10ml).jpg
A6: Alkem - Futura / NEXX | B6: ALCIFLOX-TZ TABLETS (10'S) | C6: 10's | D6: Ciprofloxacin 500 mg + Tinidazole 600 mg | E6: 33.35 | F6: 93 | G6: alciflox-tz tablets (10's).jpg
A7: Alkem - Futura / NEXX | B7: ALDIGESIC P TABLETS (ALU-ALU) (10'S) | C7: 10's | D7: Aceclofenac 100 mg + Paracetamol 325 mg | E7: 15.9 | F7: 99 | G7: aldigesic p tablets (alu-alu) (10's).jpg
A8: Alkem - Futura / NEXX | B8: ALDRYL + COUGH SYRUP (100ML) | C8: 100 ML | D8: Diphenhydramine HCl 15 mg + Ammonium Chloride 120 mg + Sodium Citrate 60 mg + Menthol 1 mg / 5 ml | E8: 10.95 | F8: 114 | G8: aldryl + cough syrup (100ml).jpg | J8: ALDRYL + COUGH SYRUP (60ML)
A9: Alkem - Futura / NEXX | B9: ALGAT EYE DROPS (10ML) | C9: 10 ml | D9: Gatifloxacin 0.3% w/v | E9: 10.05 | F9: 62 | G9: algat eye drops (10ml).jpg
A10: Alkem - Futura / NEXX | B10: ALKEM PARA 500 TABLETS (10'S) | C10: 10'S | D10: Paracetamol 500 mg | E10: 4.95 | F10: 10.04 | G10: alkem para 500 tablets (10's).jpg | J10: ALKEM PARA 500 TABLETS (15'S)
A11: Alkem - Futura / NEXX | B11: ALKEM'S AMOXICILLINE LOOSE | C11: 1000'S | D11: Amoxicillin 250 mg | E11: 1510.55 | F11: 2087 | G11: alkem's amoxicilline loose.jpg
A12: Alkem - Futura / NEXX | B12: ALKEM'S KETOROLAC INJECTION | C12: 1ml | D12: Ketorolac Tromethamine 30 mg /ml | E12: 5.3 | F12: 36 | G12: alkem's ketorolac injection.jpg
A13: Alkem - Futura / NEXX | B13: ALKEM'S PIROXICAM INJECTION (2ML) | C13: 2 ml | D13: Piroxicam 20 mg / ml | E13: 6.95 | F13: 31 | G13: alkem's piroxicam injection (2ml).jpg
A14: Alkem - Futura / NEXX | B14: ALKEMERO 0.5 Gm INJECTION (VIAL) | C14: 10 ml | D14: Meropenem 500mg | E14: 63.55 | F14: 671.63 | G14: alkemero 0.5 gm injection (vial).jpg | J14: ALKEMERO 1 Gm INJECTION (VIAL)
A15: Alkem - Futura / NEXX | B15: ALKOF + COUGH SYRUP (100ML) | C15: 100ml | D15: Terbutaline Sulphate1.25 mg + Guaiphenesin 50 mg + Bromhexine HCl 2 mg + Menthol 0.5 mg / 5 ml | E15: 16.7 | F15: 66 | G15: alkof + cough syrup (100ml).jpg | J15: ALKOF + COUGH SYRUP (60ML)
A16: Alkem - Futura / NEXX | B16: ALKOF + COUGH SYRUP (60ML) | C16: 60ml | D16: Terbutaline Sulphate1.25 mg + Guaiphenesin 50 mg + Bromhexine HCl 2 mg + Menthol 0.5 mg / 5 ml | E16: 11.25 | F16: 40 | G16: alkof + cough syrup (60ml).jpg | J16: ALKOF + COUGH SYRUP (100ML)
A17: Alkem - Futura / NEXX | B17: ALKOF DX PLUS COUGH SYP 100 ML | C17: 100 ML | D17: Chlorpheniramine Maleate 4 mg + Dextromethorphan HBr 10 mg / 5 ml | E17: 21.6 | F17: 86 | G17: alkof dx plus cough syp 100 ml.jpg | J17: ALKOF DX PLUS COUGH SYP 60 ML
A18: Alkem - Futura / NEXX | B18: ALKOF DX PLUS COUGH SYP 60 ML | C18: 60 ML | D18: Chlorpheniramine Maleate 4 mg + Dextromethorphan HBr 10 mg / 5 ml | E18: 11.25 | F18: 58 | G18: alkof dx plus cough syp 60 ml.jpg | J18: ALKOF DX PLUS COUGH SYP 100 ML
A19: Alkem - Futura / NEXX | B19: ALKOF LS SYRUP (100ML) | C19: 100 ml | D19: Ambroxol HCl 15 mg + Levosalbutamol 0.5 mg + Guaiphenesin 50 mg + Menthol 0.5 mg /5 ml | E19: 21 | F19: 118 | G19: alkof ls syrup (100ml).jpg
A20: Alkem - Futura / NEXX | B20: ALKOF LS+ COUGH SYRUP (100 ML) | C20: 100 ml | D20: Ambroxol HCl 30 mg + Levosalbutamol 1 mg + Guaiphenesin 50 mg /5 ml | E20: 24.55 | F20: 0 | G20: alkof ls+ cough syrup (100 ml).jpg
A21: Alkem - Futura / NEXX | B21: ALMEFKEM - DS SUSPENSION | C21: 60 ML | D21: Mefenamic Acid 100 mg / 5 ml | E21: 13.7 | F21: 0 | G21: almefkem - ds suspension.jpg
A22: Alkem - Futura / NEXX | B22: ALMEFKEM 250 DT TABLETS (10'S) | C22: 10's | D22: Mefenamic Acid 250 mg | F22: 0 | G22: almefkem 250 dt tablets (10's).jpg
A23: Alkem - Futura / NEXX | B23: ALMEFKEM 500MG TABLETS (10'S) | C23: 10's | D23: Mefenamic Acid 500 mg | F23: 0 | G23: almefkem 500mg tablets (10's).jpg
A24: Alkem - Futura / NEXX | B24: ALMEFKEM SPAS (10S) | C24: 10's | D24: Mefenamic Acid 250 mg + Dicyclomine HCl 10 mg | E24: 12.7 | F24: 63 | G24: almefkem spas (10s).jpg
A25: Alkem - Futura / NEXX | B25: ALMOX 500MG CAPSULES (15'S) (ORANGE) | C25: 15's | D25: Amoxicillin 500 mg | E25: 45.2 | F25: 0 | G25: almox 500mg capsules (15's) (orange).jpg
A26: Alkem - Futura / NEXX | B26: ALMOX CAPSULES 250 MG (15'S) RED & WHITE | C26: 15's | D26: Amoxicillin 500 mg | E26: 22.55 | F26: 40.99 | G26: almox capsules 250 mg (15's) red & white.jpg
A27: Alkem - Futura / NEXX | B27: ALMOX DRY SYRUP 125MG/5ML (30ML) | C27: 30ml | D27: Amoxicillin 125 mg / 5 ml | E27: 14.95 | F27: 30.27 | G27: almox dry syrup 125mg5ml (30ml).jpg
A28: Alkem - Futura / NEXX | B28: ALMOX DRY SYRUP 125MG/5ML (60ML W.C.) | C28: 60ml | D28: Amoxicillin 125 mg / 5 ml | E28: 24.3 | F28: 61.66 | G28: almox dry syrup 125mg5ml (60ml w.c.).jpg
A29: Alkem - Futura / NEXX | B29: ALMOX DT 125 MG TABLETS [ 15S ] | C29: 15's | D29: Amoxicillin 125 mg Dispersible Tablets | E29: 22.1 | F29: 80 | G29: almox dt 125 mg tablets [ 15s ].jpg | J29: ALMOX DT 250 MG TABLETS (15S)
A30: Alkem - Futura / NEXX | B30: ALMOX-CV 625MG TABLETS (6'S) | C30: 6’s | D30: Amoxicillin 500 mg + Clavulanic Acid 125 MG | E30: 44.35 | F30: 122.91 | G30: almox-cv 625mg tablets (6's).jpg | J30: ALMOX-CV 625MG TABLETS (10'S)
A31: Alkem - Futura / NEXX | B31: ALSIUM 500 TABLETS | C31: 15' s | D31: Calcium Carbonate 1.25 gm (from organic source of Oyster shell) eq. to elemental Calcium 500 mg + Vitamin D3 500 IU | E31: 13.8 | F31: 207 | G31: alsium 500 tablets.jpg
A32: Alkem - Futura / NEXX | B32: AMIJECT 100MG INJECTION (VIAL) | C32: Vial | D32: Amikacin 100 mg / 2 ml | E32: 12.05 | F32: 31 | G32: amiject 100mg injection (vial).jpg | J32: AMIJECT 500MG INJECTION (VIAL)
A33: Alkem - Futura / NEXX | B33: AMIJECT 250MG INJECTION (VIAL) | C33: Vial | D33: Amikacin 250 mg / 2 ml | E33: 20.1 | F33: 37 | G33: amiject 250mg injection (vial).jpg | J33: AMIJECT 500MG INJECTION (VIAL)
A34: Alkem - Futura / NEXX | B34: AMIJECT 500MG INJECTION (VIAL) | C34: Vial | D34: Amikacin 500 mg / 2 ml | E34: 21.5 | F34: 113.76 | G34: amiject 500mg injection (vial).jpg | J34: AMIJECT 100MG INJECTION (VIAL) | AMIJECT 250MG INJECTION (VIAL)
A35: Alkem - Futura / NEXX | B35: AZIKEM - XL SUSPENSION 100 mg (30 ML) | C35: 30ml | D35: Azithromycin 100 mg / 5 ml | E35: 30.75 | F35: 76 | G35: azikem - xl suspension 100 mg (30 ml).jpg | J35: AZIKEM - XL SUSPENSION 200 mg (30 ML)
A36: Alkem - Futura / NEXX | B36: AZIKEM - XL SUSPENSION 200 mg (30 ML) | C36: 30ml | D36: Azithromycin 200 mg/ 5 ml | E36: 46.55 | F36: 114.52 | G36: azikem - xl suspension 200 mg (30 ml).jpg | J36: AZIKEM - XL SUSPENSION 100 mg (30 ML)
A37: Alkem - Futura / NEXX | B37: AZIKEM 250 TABLETS [ 10'S ] | C37: 10'S | D37: Azithromycin 250 mg | E37: 51.35 | F37: 0 | G37: azikem 250 tablets [ 10's ].jpg | J37: AZIKEM 250 TABLETS [ 6'S ]
A38: Alkem - Futura / NEXX | B38: AZIKEM 500 TAB (5'S) | C38: 5'S | D38: Azithromycin 500 mg | E38: 51.35 | F38: 131.97 | G38: azikem 500 tab (5's).jpg
A39: Alkem - Futura / NEXX | B39: BILAKEM MONT SYP | C39: 60 ML | D39: Bilastine 10mg + Montelukast 4mg/ 5 ml | E39: 29.85 | F39: 137 | G39: bilakem mont syp.jpg
A40: Alkem - Futura / NEXX | B40: BILAKEM MONT TABLETS | C40: 10's | D40: Bilastine 20mg + Montelukast 10mg | E40: 27.9 | F40: 180 | G40: bilakem mont tablets.jpg
A41: Alkem - Futura / NEXX | B41: BILAKEM-20 TAB | C41: 10's | D41: Bilastine 20mg | E41: 22.65 | F41: 133 | G41: bilakem-20 tab.jpg
A42: Alkem - Futura / NEXX | B42: BLUKOF COUGH EXPECTORANT (100ML) | C42: 100ml | D42: Terbutaline Sulphate 1.25 mg + Guaiphenesin 50 mg + Ambroxol HCl 15 mg + Menthol 0.5 mg / 5 ml | E42: 22.85 | F42: 97 | G42: blukof cough expectorant (100ml).jpg
A43: Alkem - Futura / NEXX | B43: CEFKEM 1G INJECTION 20ML(VIAL) (07/26) | C43: 20 ml Vial | D43: Cefoperazone 500 mg + Sulbactam 500 mg | E43: 35.1 | F43: 325 | G43: cefkem 1g injection 20ml(vial) (0726).jpg
A44: Alkem - Futura / NEXX | B44: CEFKEM 200 TABLETS (10'S) | C44: 10'S | D44: Cefixime 200 mg | E44: 38.95 | F44: 109.49 | G44: cefkem 200 tablets (10's).jpg
A45: Alkem - Futura / NEXX | B45: CEFKEM OF DRY SYP WITH WFI | C45: 30 ML | D45: Cefixime 50 mg + Ofloxacin 50 mg/5 ml | E45: 28.85 | F45: 155 | G45: cefkem of dry syp with wfi.jpg
A46: Alkem - Futura / NEXX | B46: CEFOXID 1.5 Gm INCJECTION | C46: 20 ml Vial | D46: Cefuroxime 1500 mg | E46: 55.8 | F46: 297.12 | G46: cefoxid 1.5 gm incjection.jpg
A47: Alkem - Futura / NEXX | B47: CEFTISURE 500 mg INJECTION VIAL | C47: 7.5ml | D47: Ceftriaxone 500 mg | E47: 17.45 | F47: 56.3 | G47: ceftisure 500 mg injection vial.jpg
A48: Alkem - Futura / NEXX | B48: CEPHALKEM 125 DT TABLETS (10S) | C48: 10's | D48: Cephalexin 125 mg Dispersible Tablets | E48: 17.3 | F48: 58 | G48: cephalkem 125 dt tablets (10s).jpg | J48: CEPHALKEM 250 DT TABLETS (10S)
A49: Alkem - Futura / NEXX | B49: CEPHALKEM 250 DT TABLETS (10S) | C49: 10's | D49: Cephalexin 250 mg Dispersible Tablets | E49: 28.25 | F49: 114 | G49: cephalkem 250 dt tablets (10s).jpg | J49: CEPHALKEM 125 DT TABLETS (10S)
A50: Alkem - Futura / NEXX | B50: CERIZ COLD TAB (10'S) | C50: 10'S | D50: Cetirizine HCl 10 mg | E50: 3.25 | F50: 0 | G50: ceriz cold tab (10's).jpg
A51: Alkem - Futura / NEXX | B51: ES-OMEPRAZ 20 TABLETS (15'S) NEW PRODUCT | C51: 15'S | D51: Esomeprazole 20 mg | E51: 13.85 | F51: 0 | G51: es-omepraz 20 tablets (15's) new product.jpg | J51: ES-OMEPRAZ 40 TABLETS (15'S) NEW PRODUCT
A52: Alkem - Futura / NEXX | B52: ES-OMEPRAZ 40 TABLETS (15'S) NEW PRODUCT | C52: 15'S | D52: Esomeprazole 40 mg | E52: 21.05 | F52: 0 | G52: es-omepraz 40 tablets (15's) new product.jpg | J52: ES-OMEPRAZ 20 TABLETS (15'S) NEW PRODUCT
A53: Alkem - Futura / NEXX | B53: FERCEE XT SUSPESION (200ML) | C53: 200 ml | D53: Ferrous Ascorbate eq. to elemental Iron 30 mg + Folic Acid 550 mcg / 5ml | E53: 46.65 | F53: 260 | G53: fercee xt suspesion (200ml).jpg
A54: Alkem - Futura / NEXX | B54: FLUKEM 400 MG TABLETS (2S) | C54: 1'S | D54: Fluconazole 400 mg | E54: 9.8 | F54: 33.32 | G54: flukem 400 mg tablets (2s).jpg
A55: Alkem - Futura / NEXX | B55: GENTAKEM D EYE/EAR DROPS (10ML) | C55: 10 ml | D55: Gentamycin 0.3% w/v + Dexamethasone 0.1% w/v | E55: 10.95 | F55: 50 | G55: gentakem d eyeear drops (10ml).jpg
A56: Alkem - Futura / NEXX | B56: L HIST MONT TABLETS (15'S) | C56: 15's | D56: Levocetirizine Dihydrochloride 5 mg + Montelukast 10 mg | E56: 26.25 | F56: 250 | G56: l hist mont tablets (15's).jpg | J56: L HIST MONT TABLETS (10'S)
A57: Alkem - Futura / NEXX | B57: L-HIST MONT AB TABLETS ( 10'S) | C57: 10' s | D57: Montelucast 10mg + Acebrophylin 200mg | E57: 40.6 | F57: 230 | G57: l-hist mont ab tablets ( 10's).jpg | J57: L HIST MONT TABLETS (10'S) | L-HIST MONT AM TABLETS ( 10'S)
A58: Alkem - Futura / NEXX | B58: L-HIST MONT AM TABLETS ( 10'S) | C58: 10' s | D58: Montelucast 10mg + Levocetirizine 5mg + Ambroxol 75mg | E58: 29.05 | F58: 190 | G58: l-hist mont am tablets ( 10's).jpg | J58: L HIST MONT TABLETS (10'S) | L-HIST MONT AB TABLETS ( 10'S)
A59: Alkem - Futura / NEXX | B59: LULIPERL CREAM (10G) | C59: 10 g | D59: Luliconazole 1% w/w | E59: 23.8 | F59: 180 | G59: luliperl cream (10g).jpg
A60: Alkem - Futura / NEXX | B60: LULIPERL CREAM (30Gm) | C60: 30 GM | D60: Luliconazole 1% w/w | F60: 385 | G60: luliperl cream (30gm).jpg
A61: Alkem - Futura / NEXX | B61: MEGATIN-DC CAPSULES (10'S) | C61: 10's | D61: Ampicillin 250 mg + Dicloxacillin 250 mg | E61: 40.1 | F61: 125 | G61: megatin-dc capsules (10's).jpg
A62: Alkem - Futura / NEXX | B62: MUPIVATE OINTMENT (15G) | C62: 15 gm | D62: Mupirocin 2% w/w | E62: 62.2 | F62: 340.86 | G62: mupivate ointment (15g).jpg | J62: MUPIVATE OINTMENT (5G)
A63: Alkem - Futura / NEXX | B63: NADICORT INJECTION (VIAL) | C63: 1 ml Vial | D63: Triamcinolone Acetonide 40 mg / ml | E63: 18.55 | F63: 102 | G63: nadicort injection (vial).jpg
A64: Alkem - Futura / NEXX | B64: NDJECT 25 INJECTION (1ML) | C64: 1 ML | D64: Nandrolone Decanoate Injection 25 mg | E64: 15.35 | F64: 198 | G64: ndject 25 injection (1ml).jpg | J64: NDJECT 50 INJECTION (1ML)
A65: Alkem - Futura / NEXX | B65: NEW ALKOF DX SYP | C65: 100 ml | D65: Chlorpheniramine Maleate 4 mg + Dextromethorphan HBr 10 mg / 5 ml | F65: 110 | G65: new alkof dx syp.jpg
A66: Alkem - Futura / NEXX | B66: NS (100ML) | C66: 100 ml | D66: Sodium Chloride 0.9% w/v | E66: 11.35 | F66: 19.61 | G66: ns (100ml).jpg
A67: Alkem - Futura / NEXX | B67: NS IV INFUSION 100mL (EUROHEAD) | C67: 100 ml | D67: Sodium Chloride 0.9% w/v | E67: 17.85 | F67: 42.5 | G67: ns iv infusion 100ml (eurohead).jpg
A68: Alkem - Futura / NEXX | B68: NUCOOL-S (200ML) | C68: 200 ml | D68: Sucralfate 1 gm / 10 ml | E68: 84 | F68: 176 | G68: nucool-s (200ml).jpg
A69: Alkem - Futura / NEXX | B69: OFLOKEM D E/E DROPS (10ML) | C69: 10 ml | D69: Ofloxacin 0.3% w/v + Dexamethasone 0.1% w/v | E69: 11.45 | F69: 58 | G69: oflokem d ee drops (10ml).jpg | J69: OFLOKEM E/E DROPS (10ML)
A70: Alkem - Futura / NEXX | B70: OFLOKEM E/E DROPS (10ML) | C70: 10 ml | D70: Ofloxacin 0.3% w/v | E70: 10.05 | F70: 40 | G70: oflokem ee drops (10ml).jpg | J70: OFLOKEM D E/E DROPS (10ML)
A71: Alkem - Futura / NEXX | B71: OFLOKEM OZ TABLETS (10S) | C71: 10's | D71: Ofloxacin 200 mg + Ornidazole 500 mg | E71: 22.1 | F71: 157 | G71: oflokem oz tablets (10s).jpg
A72: Alkem - Futura / NEXX | B72: OFLOKEM SUSPENSION (30ML) | C72: 30ml | D72: Ofloxacin 50 mg / 5 ml | E72: 14.25 | F72: 36 | G72: oflokem suspension (30ml).jpg | J72: OFLOKEM OZ + SUSPENSION (30ML) | OFLOKEM SUSPENSION (60ML)
A73: Alkem - Futura / NEXX | B73: OFLOKEM SUSPENSION (60ML) | C73: 60ml | D73: Ofloxacin 50 mg / 5 ml | E73: 22.25 | F73: 72 | G73: oflokem suspension (60ml).jpg | J73: OFLOKEM SUSPENSION (30ML)
A74: Alkem - Futura / NEXX | B74: OFLOKEM-200 TABLETS (10S) | C74: 10's | D74: Ofloxacin 400 mg | E74: 11.85 | F74: 0 | G74: oflokem-200 tablets (10s).jpg | J74: OFLOKEM 400 TABLETS (10S)
A75: Alkem - Futura / NEXX | B75: OMEE -D CAP CAPSULES (20'S) | C75: 20's | D75: Omeprazole 20 mg + Domperidone 10 mg | E75: 32.05 | F75: 230 | G75: omee -d cap capsules (20's).jpg
A76: Alkem - Futura / NEXX | B76: OMEPRAZ 20MG CAPSULES (20'S) | C76: 20's | D76: Omeprazole 20 mg (as enteric coated pellets) | E76: 26 | F76: 64.29 | G76: omepraz 20mg capsules (20's).jpg
A77: Alkem - Futura / NEXX | B77: OMEPRAZ-D CAP (20'S) | C77: 20'S | D77: Omeprazole 20 mg + Domperidone 10 mg | E77: 30.45 | F77: 200 | G77: omepraz-d cap (20's).jpg
A78: Alkem - Futura / NEXX | B78: ORS LIQUID (APPLE FLAVOUR) (200ML) | C78: 200 ml | D78: Oral Rehydration Salt Ready to Serve Liquid | E78: 13.85 | F78: 31.5 | G78: ors liquid (apple flavour) (200ml).jpg
A79: Alkem - Futura / NEXX | B79: ORS LIQUID (ORANGE FLAVOUR) (200ML) | C79: 200 ml | D79: Oral Rehydration Salt Ready to Serve Liquid | E79: 13.85 | F79: 31.5 | G79: ors liquid (orange flavour) (200ml).jpg
A80: Alkem - Futura / NEXX | B80: ORS POWDER (21.8GM) | C80: 21.8 gm | D80: ORS Powder (Oral Rehydration Salts) | E80: 5.05 | F80: 19.99 | G80: ors powder (21.8gm).jpg
A81: Alkem - Futura / NEXX | B81: PYRAKEM INJECTION 2ML | C81: 2ml | D81: Diclofenac Sodium 50 mg + Paracetamol 325 mg | E81: 5.05 | F81: 8.89 | G81: pyrakem injection 2ml.jpg
A82: Alkem - Futura / NEXX | B82: RABALKEM - O 10'S | C82: 10'S | D82: Rabeprazole 20 mg + Ondansetron 4 mg | E82: 14.7 | F82: 120 | G82: rabalkem - o 10's.jpg
A83: Alkem - Futura / NEXX | B83: RILADEX FAST RELIEF SPRAY 55 gm | C83: 55 gm | D83: Diclofenac Diethylamine 1.16% eq. to Diclofenac Sodium 1% w/w + Linseed Oil 3% w/w + Methyl Salicylate 10% w/w + Menthol 0.5% w/w | F83: 0 | G83: riladex fast relief spray 55 gm.jpg
A84: Alkem - Futura / NEXX | B84: SERRAFAST 10 TABLETS (10S) | C84: 10's | D84: Serratiopeptidase 10 mg (20000 Serratiopeptidase units) | E84: 10.3 | F84: 115 | G84: serrafast 10 tablets (10s).jpg
A85: Alkem - Futura / NEXX | B85: SPASMOKEM D INJECTION 2ML | C85: 2ml | D85: Drotaverine Hydrochloride 40 mg / 2 ml | E85: 5 | F85: 22 | G85: spasmokem d injection 2ml.jpg
A86: Alkem - Futura / NEXX | B86: TOBRAJECT-D EYE DROP (10ML) | C86: 10 ml | D86: Tobramycin 3% w/v + Dexamethasone 0.1% w/v | E86: 15.05 | F86: 82 | G86: tobraject-d eye drop (10ml).jpg | J86: TOBRAJECT EYE DROP (10ML)
A87: Alkem - Futura / NEXX | B87: ULTICEF-200 DT TABLETS (10'S) | C87: 10's | D87: Each uncoated dispersible tablet contains Cefpodoxime 200mg | E87: 59.7 | F87: 295 | G87: ulticef-200 dt tablets (10's).jpg
A88: Alkem - Futura / NEXX | B88: VPLEX GOLD SOFT GEL CAP | C88: 15'S | D88: Each soft gelatin capsule contains: Ginseng Dry Extract 90 mg + Vitamin C (L- Ascorvic Acid) 40.0 mg + Nicotinamide (Vitamin B3) 14.0 mg + Calcium D- Pantothenate (Vitamin B5) 5 mg + Vitamin E Acetate (As DL alpha- tocopherol Acetate) 7.50 mg + Vitamin B2 (Riboflavin) 1.3 mg + Vitamin B1 (Thiamine mononitrate) 1.0 mg + Vitamin B6 (Pyridoxine Hydrochloride) 1 mg + Vitamin A (Retinyl Palmitate) 450 mcg + Folic Acid 100.0 mcg + Vitamin D3 (Cholecalciferol) 5 mcg + Vitamin B12 (Cyanocobalamin) 1.0 mcg + Calcium Carbonate Eq. to Elemental Calcium 150.0 mg + Zinc Oxide Eq. to Elemental Zinc 12.81 mg + Chromium Chloride eq. to Elemental Chromium) 25.0 mcg + Cupric Sulphate Eq. to Elemental Copper) 1 mg + Manganese Sulphate Eq. to Elemental Manganese) 1.0 mg + Potassium Iodide Eq. to Elemental Iodine 135 mcg + Ferrous Fumarate Eq. to Elemental Iron 17 mg + L-Glutamic Acid 5.0 mg | E88: 26.55 | F88: 150 | G88: vplex gold soft gel cap.jpg
A89: Alkem - Futura / NEXX | B89: ZEEFER CAPSULES (15'S) | C89: 15's | D89: Ferrous Gluconate 259 mg (eq. to 30 mg Elemental Iron) + Vitamin B12 2.5 mcg (as gelatin triturate 0.1%) + Folic Acid 0.5 mg + Dibasic Calcium Phosphate (Dihydrate) 100 mg + Zinc Sulphate 33 mg | E89: 12 | F89: 69 | G89: zeefer capsules (15's).jpg
A90: Alkem - Futura / NEXX | B90: ZENEGRA 50MG TABLETS (4S) | C90: 4's | D90: Sildenafil Citrate 50 mg | E90: 7.9 | F90: 137 | G90: zenegra 50mg tablets (4s).jpg | J90: ZENEGRA 100MG TABLETS (4S)
A91: Alkem - Maxxio | B91: ALCIFLOX-250 TABLETS (10'S) ALU ALU | C91: 10's | D91: Ciprofloxacin 250 mg | E91: 12 | F91: 23.39 | G91: alciflox-250 tablets (10's) alu alu.jpg
A92: Alkem - Maxxio | B92: ALDIGESIC P TABLETS 80X15 | C92: 80X15 | D92: Aceclofenac 100mg + Paracetamol 325mg Tablets | E92: 13.9 | F92: 0 | G92: aldigesic p tablets 80x15.jpg
A93: Alkem - Maxxio | B93: ALKEM'S D5 IV INFUSION DUO PORT (500ML) | C93: 500 ml | D93: Dextrose 5% | E93: 28.4 | F93: 78.38 | G93: alkem's d5 iv infusion duo port (500ml).jpg | J93: ALKEM'S DNS IV INFUSION DUO PORT (500ML) | ALKEM'S NS IV INFUSION DUO PORT (500ML)
A94: Alkem - Maxxio | B94: ALKEM'S DNS IV INFUSION DUO PORT (500ML) | C94: 500 ml | D94: Dextrose 5% + Sodium Chloride 0.9% | E94: 28.4 | F94: 81.47 | G94: alkem's dns iv infusion duo port (500ml).jpg | J94: ALKEM'S D5 IV INFUSION DUO PORT (500ML) | ALKEM'S NS IV INFUSION DUO PORT (500ML)
A95: Alkem - Maxxio | B95: ALKEM'S MANNITOL IV INFUSION | C95: 100 ml | D95: Each ml contains Mannitol IP 20% w/v | E95: 27.75 | F95: 37.11 | G95: alkem's mannitol iv infusion.jpg
A96: Alkem - Maxxio | B96: ALKEM'S NANDROLONE - 25 INJ. | C96: 1 ml | D96: Nandrolone Decanoate 25 mg / ml | E96: 15.35 | F96: 203.4 | G96: alkem's nandrolone - 25 inj..jpg | J96: ALKEM'S NANDROLONE - 50 INJ
A97: Alkem - Maxxio | B97: ALKEM'S NANDROLONE - 50 INJ | C97: 1 ml | D97: Nandrolone Decanoate 50 mg / ml | E97: 20.1 | F97: 311.25 | G97: alkem's nandrolone - 50 inj.jpg | J97: ALKEM'S NANDROLONE - 25 INJ.
A98: Alkem - Maxxio | B98: ALKEM'S NS IV INFUSION | C98: 100 ml | D98: Each ml contains Sodium Chloride 0.9% w/v | E98: 11.35 | F98: 18.7 | G98: alkem's ns iv infusion.jpg
A99: Alkem - Maxxio | B99: ALKEM'S NS IV INFUSION DUO PORT (500ML) | C99: 500 ml | D99: Each ml contains Sodium Chloride 0.9% w/v | E99: 27.35 | F99: 83.77 | G99: alkem's ns iv infusion duo port (500ml).jpg | J99: ALKEM'S D5 IV INFUSION DUO PORT (500ML) | ALKEM'S DNS IV INFUSION DUO PORT (500ML)
A100: Alkem - Maxxio | B100: ALKEM'S NS IV INFUSION EUROHEAD (100 ML) | C100: 100 ml | D100: Each ml contains Sodium Chloride 0.9% w/v | E100: 17.85 | F100: 40.53 | G100: alkem's ns iv infusion eurohead (100 ml).jpg | J100: ALKEM'S DNS IV INFUSION EUROHEAD (500 ML) | ALKEM'S NS IV INFUSION EUROHEAD (500 ML)
...

Sheet Summary
A1: Company | B1: Missing photos | C1: Total SKUs | D1: % covered
A2: Alkem - Futura / NEXX | B2: =COUNTIF('Missing Photos'!$A:$A,$A2) | C2: 261 | D2: =IFERROR(1-B2/C2,0)
A3: Alkem - Maxxio | B3: =COUNTIF('Missing Photos'!$A:$A,$A3) | C3: 215 | D3: =IFERROR(1-B3/C3,0)
A4: Alkem - Novokem | B4: =COUNTIF('Missing Photos'!$A:$A,$A4) | C4: 203 | D4: =IFERROR(1-B4/C4,0)
A5: Alkem Healthcare | B5: =COUNTIF('Missing Photos'!$A:$A,$A5) | C5: 155 | D5: =IFERROR(1-B5/C5,0)
A6: Lupin | B6: =COUNTIF('Missing Photos'!$A:$A,$A6) | C6: 277 | D6: =IFERROR(1-B6/C6,0)
A7: RANBAXY | B7: =COUNTIF('Missing Photos'!$A:$A,$A7) | C7: 130 | D7: =IFERROR(1-B7/C7,0)
A8: Shivayur | B8: =COUNTIF('Missing Photos'!$A:$A,$A8) | C8: 25 | D8: =IFERROR(1-B8/C8,0)
A9: Silver-cross | B9: =COUNTIF('Missing Photos'!$A:$A,$A9) | C9: 6 | D9: =IFERROR(1-B9/C9,0)
A10: Torque | B10: =COUNTIF('Missing Photos'!$A:$A,$A10) | C10: 304 | D10: =IFERROR(1-B10/C10,0)
A11: TOTAL | B11: =SUM(B2:B10) | C11: =SUM(C2:C10) | D11: =IFERROR(1-B11/C11,0)
A13: Legend
A14: Yellow columns (Priority, Shot?) are for you to fill in.
A15: Cream rows = product name near-matches another row in Master_File (223 rows). Likely a duplicate/typo — fix the Excel before shooting.
A16: Expected filename = save the photo in Photos/ under exactly this name.
